Image,Title,Link
https://www.visa.com/images/merchantoffers/2021-09/1632316563241.608220.png,Emeritus,https://www.visa.co.in/en_in/visa-offers-and-perks/emeritus/157022?locale=in_in
https://www.visa.com/images/merchantoffers/2021-07/1626316627121.rentalcar-608x220.jpg,rentalcars.com,https://www.visa.co.in/en_in/visa-offers-and-perks/rentalcarscom/147997?locale=in_in
https://www.visa.com/images/merchantoffers/2024-02/1708581612270.313Somerset_image_608x220.jpg,313@somerset,https://www.visa.co.in/en_in/visa-offers-and-perks/313somerset/159796?locale=in_in
https://www.visa.com/images/merchantoffers/2022-09/1664014366683.Absurdities_image_608x220.JPG,ABSURDITIES,https://www.visa.co.in/en_in/visa-offers-and-perks/absurdities/163122?locale=in_in
https://www.visa.com/images/merchantoffers/2024-02/1708589636515.Bloomingdale_s_image_608x220.jpg,Bloomingdale's,https://www.visa.co.in/en_in/visa-offers-and-perks/bloomingdales/159826?locale=in_in
https://www.visa.com/images/merchantoffers/2023-07/1688542574933.608x220_Maldives.jpg,IHG Hotels & Resorts,https://www.visa.co.in/en_in/visa-offers-and-perks/ihg-hotels-resorts/150837?locale=in_in
https://www.visa.com/images/merchantoffers/2024-03/1711084804207.Isetan_image_608x220_whitespace.jpg,Isetan,https://www.visa.co.in/en_in/visa-offers-and-perks/isetan/159842?locale=in_in
https://www.visa.com/images/merchantoffers/2024-02/1708582022480.McArthurGlen_image_608x220.png,McArthurGlen Designer Outlet Vancouver Airport,https://www.visa.co.in/en_in/visa-offers-and-perks/mcarthurglen-designer-outlet-vancouver-airport/159798?locale=in_in
https://www.visa.com/images/merchantoffers/2024-03/1711086396712.Mitsukoshi_image_608x220_whitespace.jpg,Mitsukoshi,https://www.visa.co.in/en_in/visa-offers-and-perks/mitsukoshi/159840?locale=in_in
https://www.visa.com/images/merchantoffers/2024-02/1708578415912.Metzingen_image_608x220.jpg,OUTLETCITY Metzingen,https://www.visa.co.in/en_in/visa-offers-and-perks/outletcity-metzingen/159790?locale=in_in
https://www.visa.com/images/merchantoffers/2024-03/1710395383875.Paragon_image2_608x220.png,Paragon,https://www.visa.co.in/en_in/visa-offers-and-perks/paragon/160238?locale=in_in
https://www.visa.com/images/merchantoffers/2022-11/1669795990372.sg-royalalbatross-608x220.jpg,Royal Albatross,https://www.visa.co.in/en_in/visa-offers-and-perks/royal-albatross/163120?locale=in_in
https://www.visa.com/images/merchantoffers/2024-02/1708585853263.SquareOne_image_608x220.jpg,Square One Shopping Centre,https://www.visa.co.in/en_in/visa-offers-and-perks/square-one-shopping-centre/159822?locale=in_in
https://www.visa.com/images/merchantoffers/2024-03/1710478254572.WWTC_Image_608x220.jpg,Westfield World Trade Center,https://www.visa.co.in/en_in/visa-offers-and-perks/westfield-world-trade-center/160268?locale=in_in
https://www.visa.com/images/merchantoffers/2024-02/1708585548721.Yorkdale_image_608x220.jpg,Yorkdale Shopping Centre,https://www.visa.co.in/en_in/visa-offers-and-perks/yorkdale-shopping-centre/159818?locale=in_in
